"Timestamp","Do you use Spotify?","Which age group do you belong to?","Sex","Do you use premium version or free version?","What is the main reason why you pay for premium version?","How many days in a week do you use Spotify ?","Which section do you use most?","When do you use Spotify most?","How often do you utilise the Browse tab?","How often do advertisements appear?","Browse for genres & mood","Offline library","Connect to other devices","Changing settings","Search for songs","Music streaming","Discover new music","Spotify Playlists","Listen from any devices","Have you scanned Spotify codes utilising the camera on Spotify?","How useful do you find the Radio tab?","Are you able to log out effectively?","How has your experience with Spotify been?","To further improve Spotify, what would you recommend doing?",""
"2018/04/05 5:52:44 am GMT+7","Yes","18-25","Male","Premium","No ads","Everyday","Your Library","Commute to work or school","Sometimes","Never","1","1","2","1","1","1","2","2","1","","","","5","license more songs","3"
"2018/04/05 6:49:55 am GMT+7","Yes","18-25","Male","Free (Skip next question)","","Couple of times sometime last year ","Search","Just at home ","Rarely","All the time","3","3","3","3","3","3","3","3","3","","","","3","Able to create your own playlist with the free version ","3"
"2018/04/05 7:14:34 am GMT+7","Yes","18-25","Male","Premium","No ads","Everyday","Your Library","Commute to work or school","Rarely","Never","1","1","4","3","1","1","2","2","2","No","1","Yes","5","help option is placed somewhere users can see","2"
"2018/04/05 7:15:52 am GMT+7","Yes","18-25","Male","Premium","No ads","Everyday","Your Library","Studying","Sometimes","Never","2","2","4","4","2","1","2","2","4","No","1","No","4","Following artist feature isn't useful","2"
"2018/04/05 7:25:09 am GMT+7","Yes","18-25","Female","Premium","Download music;Play any song;No ads;Unlimited skips","Everyday","Home;Browse;Search;Your Library","Commute to work or school;Studying;Exercising (Gym, walking or any physical activity)","Most of the time","Never","2","1","1","1","2","2","1","1","1","No","3","Yes","5","to be able to view what other people(you follow on spotify) are listening to through mobile devices, just like how you can through desktop.",""
"2018/04/05 7:27:26 am GMT+7","Yes","18-25","Female","Premium","Download music;Play any song;No ads;Unlimited skips","Everyday","Your Library","Commute to work or school;Studying","Most of the time","Never","1","1","2","2","2","1","1","2","2","No","3","Yes","4","Include more songs from non-mainstream artists",""
"2018/04/05 7:28:37 am GMT+7","Yes","18-25","Female","Premium","Download music;Play any song;No ads;Unlimited skips","Everyday","Search;Your Library","Commute to work or school;Gaming","Never","Never","1","2","1","2","2","1","2","2","3","No","2","Yes","5","N/A",""
"2018/04/05 7:34:47 am GMT+7","Yes","18-25","Male","Premium","Download music","Everyday","Your Library","love to listen to music","Sometimes","Sometimes","1","1","1","1","1","1","1","1","1","No","2","Yes","5","try to get the rights to more songs and add them in",""
"2018/04/05 7:37:04 am GMT+7","Yes","18-25","Male","Premium","Play any song;No ads;Unlimited skips","Everyday","Your Library","Commute to work or school;Studying;Sleeping;Gaming","Sometimes","Never","3","3","1","1","1","1","3","2","2","No","4","Yes","5","andrew is gay",""
"2018/04/05 7:51:29 am GMT+7","Yes","18-25","Female","Premium","","Everyday","Your Library","Getting ready ","Most of the time","Never","2","2","2","3","2","2","2","2","2","Yes","2","Yes","4","Nothing it’s good ",""
"2018/04/05 7:51:43 am GMT+7","Yes","18-25","Male","Premium","No ads","3 times a week","Home","Commute to work or school","Sometimes","Never","3","3","3","3","3","3","3","3","3","No","3","Yes","3","nothing",""
"2018/04/05 7:58:08 am GMT+7","Yes","18-25","Male","Premium","Download music;No ads","Everyday","Your Library","Commute to work or school;Studying;Sleeping;Exercising (Gym, walking or any physical activity);Gaming;Working","Sometimes","Rarely","2","1","3","2","1","1","3","3","1","No","2","Yes","5","Less ads?",""
"2018/04/05 8:06:46 am GMT+7","Yes","18-25","Female","Premium","Download music;Play any song;No ads","Everyday","Home;Browse;Your Library","Gaming;Surfing internet","Most of the time","Never","2","2","1","3","2","1","3","2","1","No","2","Yes","5","Sleep timer",""
"2018/04/05 8:11:56 am GMT+7","Yes","18-25","Male","Free (Skip next question)","","Everyday","Your Library","Studying;Sleeping","Sometimes","Most of the time","2","4","3","3","2","1","3","2","3","No","3","No","5","I think Spotify is good. But many Vietnamese still feel strange when they use it. Spotify makers should notice that. ",""
"2018/04/05 8:22:31 am GMT+7","Yes","18-25","Female","Free (Skip next question)","","Everyday","Your Library","Commute to work or school;Studying","Rarely","All the time","2","4","1","2","3","2","3","4","2","No","2","Yes","3","can not afford lmao",""
"2018/04/05 8:22:36 am GMT+7","Yes","18-25","Female","Premium","Download music;Play any song;No ads;Unlimited skips","Everyday","Home;Browse;Search","Commute to work or school;Studying;Sleeping;Working","All the time","Rarely","1","2","1","1","2","1","1","1","1","No","2","Yes","5","Allow canceling membership on app and not online",""
"2018/04/05 8:22:54 am GMT+7","Yes","18-25","Male","Premium","Play any song;No ads","Everyday","Browse","Working","Most of the time","Never","2","1","2","1","1","1","1","2","1","No","4","Yes","4","Daily mix should appear more quickly but anw everything is absolutely wonderful now.",""
"2018/04/05 8:24:24 am GMT+7","Yes","18-25","Male","Premium","Download music;Play any song;No ads;Unlimited skips","Everyday","Browse;Search;Radio","Studying;Sleeping;Exercising (Gym, walking or any physical activity);Gaming;Working","Sometimes","Never","2","1","1","1","2","1","2","2","1","No","3","Yes","4","no",""
"2018/04/05 8:24:55 am GMT+7","Yes","18-25","Male","Premium","Play any song;All of the above","Everyday","Your Library","Travelling ","Most of the time","Never","2","1","2","2","2","2","2","2","2","No","3","No","5","Get Tayler Swift to put her music on Spotify",""
"2018/04/05 8:30:44 am GMT+7","Yes","18-25","Male","Premium","Download music;Play any song;No ads","Everyday","Home;Browse;Search;Your Library","Studying;Working","Sometimes","Never","2","1","1","4","3","3","1","1","2","No","2","No","5","More Vietnamese music and Japanese.",""
"2018/04/05 8:40:38 am GMT+7","Yes","18-25","Male","Premium","Download music;Play any song;Unlimited skips;Have lyrics","Everyday","Home","Commute to work or school;Studying;Sleeping;Exercising (Gym, walking or any physical activity)","Sometimes","Never","5","5","5","4","5","5","1","1","1","No","1","No","5","I think the sound too small",""
"2018/04/05 8:41:11 am GMT+7","Yes","18-25","Male","Premium","Download music;Play any song;No ads;Unlimited skips","Everyday","Your Library","Commute to work or school;Studying;Taking shower","Sometimes","Most of the time","4","1","1","1","1","1","1","3","1","No","2","Yes","4","In this time I’ve not anything to complain about Spotify but I think method of payment is difficult to do. Because almost the Vietnamese didn’t have Visa or MasterCard to do payment. Except that problem I don’t have anything to complain Spotify. ",""
"2018/04/05 8:43:56 am GMT+7","Yes","18-25","Male","Premium","Download music;Play any song;No ads;Unlimited skips","Everyday","Your Library","Commute to work or school;Studying;Sleeping","Most of the time","Sometimes","4","1","3","5","3","2","5","5","5","Yes","3","Yes","3",".",""
"2018/04/05 8:49:01 am GMT+7","Yes","18-25","Male","Premium","Download music;Play any song;No ads;Unlimited skips","Everyday","Home;Search;Your Library","Commute to work or school;Studying;Sleeping;Working","Most of the time","Never","1","2","1","1","2","1","1","1","1","No","3","Yes","4","I'd like to improve the experience of playlists, it's good but it needs to improve a little bit like the quality, the design,.ect.",""
"2018/04/05 8:50:00 am GMT+7","Yes","18-25","Male","Premium","Play any song;No ads;Unlimited skips;Better recommendation of music","Everyday","Home;Browse;Search;Your Library","Commute to work or school;Studying;Exercising (Gym, walking or any physical activity);Working","Sometimes","Never","3","2","4","3","4","5","1","2","1","No","1","Yes","4","Spotify Vietnam needs radio tab.",""
"2018/04/05 8:54:01 am GMT+7","Yes","18-25","Male","Premium","Play any song;No ads;Unlimited skips","Everyday","Your Library","Commute to work or school;Studying;Sleeping;Exercising (Gym, walking or any physical activity)","Most of the time","Never","3","3","4","3","3","3","3","3","4","No","2","Yes","4","Add more song and contact with more other singer because Spotify right now are very few song from Vietnam",""
"2018/04/05 9:15:02 am GMT+7","Yes","18-25","Female","Premium","Unlimited skips","Everyday","Browse","Sleeping","Most of the time","Rarely","4","3","4","4","5","5","4","5","4","No","3","Yes","4","more variety of genres",""
"2018/04/05 9:15:05 am GMT+7","Yes","18-25","Male","Free (Skip next question)","","Everyday","Browse;Search;Your Library","Studying;Exercising (Gym, walking or any physical activity);Gaming","Sometimes","Most of the time","2","3","2","2","3","1","2","1","1","No","2","Yes","4","Unlimited skips and freedom to change to any song on free mobile devices. Similar to the spotify platform on desktop.",""
"2018/04/05 9:17:58 am GMT+7","Yes","18-25","Male","Premium","Play any song;No ads;Unlimited skips","Everyday","Home;Browse;Search;Your Library","Commute to work or school;Studying;Sleeping;Exercising (Gym, walking or any physical activity);Working","All the time","Never","3","1","1","1","1","1","1","3","1","No","5","Yes","5","n/a",""
"2018/04/05 9:18:08 am GMT+7","Yes","18-25","Male","Premium","Download music","Everyday","Your Library","Commute to work or school","Sometimes","Never","2","4","4","1","1","2","2","2","3","No","1","Yes","4","Improve user interface ",""
"2018/04/05 9:20:37 am GMT+7","Yes","18-25","Male","Premium","Download music;Play any song;No ads;Unlimited skips","Everyday","Search;Your Library","Commute to work or school;Studying;Sleeping;Exercising (Gym, walking or any physical activity);Gaming;Working","Sometimes","Never","2","1","1","1","1","1","2","1","1","No","3","Yes","5","Add more songs from different genres and countries.",""
"2018/04/05 9:29:00 am GMT+7","Yes","18-25","Male","Premium","Download music;Play any song;No ads;Unlimited skips","Everyday","Your Library","Commute to work or school;Studying;Working","Sometimes","Never","3","1","1","1","1","1","3","3","1","No","2","Yes","4","Not sure",""
"2018/04/05 9:38:19 am GMT+7","Yes","18-25","Male","Premium","Download music;Play any song;No ads","Everyday","Home;Browse;Search","Commute to work or school;Gaming","Most of the time","Rarely","4","4","4","3","4","4","3","4","3","No","2","Yes","4",".",""
"2018/04/05 9:49:01 am GMT+7","Yes","18-25","Female","Premium","Play any song;No ads;Unlimited skips","Everyday","Your Library","Commute to work or school;Studying","Sometimes","Never","4","5","3","2","5","4","4","4","4","No","3","Yes","5","When redownloading the app after deleting it, local files from laptop that were added into Spotify manually should still stay in the user's music library.",""
"2018/04/05 10:00:29 am GMT+7","Yes","18-25","Male","Premium","No ads;Unlimited skips","Everyday","Your Library","Commute to work or school;Exercising (Gym, walking or any physical activity);Gaming","Most of the time","Never","2","3","1","1","1","1","2","1","1","No","2","Yes","4","no",""
"2018/04/05 10:07:43 am GMT+7","Yes","18-25","Female","Free (Skip next question)","","Everyday","Your Library","Studying","Sometimes","All the time","1","1","1","1","1","1","1","1","1","No","5","Yes","5","Shorter ads",""
"2018/04/05 11:31:29 am GMT+7","Yes","18-25","Female","Premium","Download music;Unlimited skips","Everyday","Your Library","Studying;Sleeping","Rarely","Sometimes","2","3","3","1","2","1","1","2","3","No","3","Yes","4","The price is a bit expensive for students like me.",""
"2018/04/05 12:16:16 pm GMT+7","Yes","35-40","Male","Free (Skip next question)","","Every weekends","Browse;Radio","Commute to work or school;Exercising (Gym, walking or any physical activity)","Most of the time","Sometimes","2","2","4","2","1","3","4","3","3","No","4","Yes","4","More colour themes",""
"2018/04/05 2:57:27 pm GMT+7","Yes","18-25","Male","Premium","Download music;Play any song;No ads;Unlimited skips","Everyday","Home;Search;Your Library","Commute to work or school;Studying;Sleeping;Exercising (Gym, walking or any physical activity);Gaming;Working","Sometimes","Never","3","3","1","1","1","2","2","1","1","Yes","3","Yes","5","Download speed to be  faster",""
"2018/04/05 4:36:00 pm GMT+7","Yes","18-25","Male","Free (Skip next question)","","Once a week","Your Library","Gaming","Never","Sometimes","3","1","1","1","1","1","2","1","1","No","1","Yes","4","Show less ads",""
"2018/04/05 7:13:48 pm GMT+7","Yes","18-25","Female","Free (Skip next question)","","Everyday","Home;Browse;Search;Radio;Your Library","Studying;Sleeping;Exercising (Gym, walking or any physical activity)","All the time","All the time","2","5","3","3","1","1","3","3","3","No","4","Yes","3","free offline music",""